category,total_orders,total_revenue,avg_ticket,avg_lead_time,total_discount,avg_freight_share,pct_canceled,pct_late
Eletrônicos,1870,1444233.8599999999,772.3175721925134,32.440641711229944,285112.37297,0.09763182189174059,74.81283422459893,83.52941176470588
