subcategory,total_orders,total_revenue,avg_ticket,avg_lead_time,total_discount,avg_freight_share,pct_canceled,pct_late
"Celulares, Tablets e Acessórios",7,4188.48,598.3542857142857,16.857142857142858,1451.2191699999998,0.06952422535113302,100.0,71.42857142857143
Informática,5,7020.46,1404.092,42.2,648.341336,0.13021694054857164,80.0,80.0
Áudio e Vídeo,1858,1433024.92,771.2728310010764,32.473089343379975,283012.812464,0.0976500283408795,74.70398277717976,83.58449946178686
