delivery_service,total_orders,total_revenue,avg_ticket,avg_lead_time,total_discount,avg_freight_share,pct_canceled,pct_late
Same-Day,588,454403.67,772.7953571428571,30.887755102040817,95942.07784,0.11531441419028028,74.65986394557824,84.6938775510204
Scheduled,650,504269.1,775.7986153846153,33.36615384615384,93817.13955,0.10154812604987302,76.61538461538461,84.92307692307692
Standard,632,485561.08999999997,768.2928639240506,32.93354430379747,95353.15558,0.07715245167919724,73.10126582278481,81.0126582278481
